-- USERS
INSERT INTO auth.users (id, email, password_hash, name, family) VALUES
    ('00000000-0000-0000-0000-000000000001', 'ivan@example.com',   'FAKE_HASH', 'Иван',   'Иванов'),
    ('00000000-0000-0000-0000-000000000002', 'maria@example.com',  'FAKE_HASH', 'Мария',  'Петрова'),
    ('00000000-0000-0000-0000-000000000003', 'alexey@example.com', 'FAKE_HASH', 'Алексей','Сидоров');


-- ORGANIZATIONS
INSERT INTO orgs.organizations (id, owner_id, name) VALUES
    ('10000000-0000-0000-0000-000000000001', '00000000-0000-0000-0000-000000000001', 'Иван''s organization'),
    ('10000000-0000-0000-0000-000000000002', '00000000-0000-0000-0000-000000000002', 'Мария''s organization');


-- ROLES
INSERT INTO orgs.roles (org_id, user_id, role) VALUES
    ('10000000-0000-0000-0000-000000000001', '00000000-0000-0000-0000-000000000001', 'owner'),
    ('10000000-0000-0000-0000-000000000001', '00000000-0000-0000-0000-000000000002', 'editor'),
    ('10000000-0000-0000-0000-000000000001', '00000000-0000-0000-0000-000000000003', 'viewer'),
    ('10000000-0000-0000-0000-000000000002', '00000000-0000-0000-0000-000000000002', 'owner');


-- DATASETS
INSERT INTO data.datasets (id, org_id, name, source_type) VALUES
    ('20000000-0000-0000-0000-000000000001', '10000000-0000-0000-0000-000000000001', 'Продажи Q1 2024',  'csv'),
    ('20000000-0000-0000-0000-000000000002', '10000000-0000-0000-0000-000000000001', 'Расходы 2024',     'xlsx'),
    ('20000000-0000-0000-0000-000000000003', '10000000-0000-0000-0000-000000000002', 'Клиенты',          'manual');


-- DATASET COLUMNS
INSERT INTO data.dataset_columns (dataset_id, key, display_name, data_type, order_index) VALUES
    ('20000000-0000-0000-0000-000000000001', 'date',     'Дата',          'date',   0),
    ('20000000-0000-0000-0000-000000000001', 'product',  'Продукт',       'string', 1),
    ('20000000-0000-0000-0000-000000000001', 'revenue',  'Выручка',       'number', 2),
    ('20000000-0000-0000-0000-000000000001', 'quantity', 'Количество',    'number', 3);

INSERT INTO data.dataset_columns (dataset_id, key, display_name, data_type, order_index) VALUES
    ('20000000-0000-0000-0000-000000000002', 'month',    'Месяц',         'string', 0),
    ('20000000-0000-0000-0000-000000000002', 'category', 'Категория',     'string', 1),
    ('20000000-0000-0000-0000-000000000002', 'amount',   'Сумма',         'number', 2);

INSERT INTO data.dataset_columns (dataset_id, key, display_name, data_type, order_index) VALUES
    ('20000000-0000-0000-0000-000000000003', 'name',     'Имя',           'string', 0),
    ('20000000-0000-0000-0000-000000000003', 'region',   'Регион',        'string', 1),
    ('20000000-0000-0000-0000-000000000003', 'is_active','Активен',       'bool',   2),
    ('20000000-0000-0000-0000-000000000003', 'since',    'Клиент с',      'date',   3);

-- DATASET ROWS
INSERT INTO data.dataset_rows (dataset_id, row_index, data) VALUES
    ('20000000-0000-0000-0000-000000000001', 0, '{"date":"2024-01-05","product":"Ноутбук","revenue":85000,"quantity":1}'),
    ('20000000-0000-0000-0000-000000000001', 1, '{"date":"2024-01-12","product":"Мышь","revenue":1500,"quantity":3}'),
    ('20000000-0000-0000-0000-000000000001', 2, '{"date":"2024-02-03","product":"Монитор","revenue":32000,"quantity":2}'),
    ('20000000-0000-0000-0000-000000000001', 3, '{"date":"2024-02-18","product":"Ноутбук","revenue":90000,"quantity":1}'),
    ('20000000-0000-0000-0000-000000000001', 4, '{"date":"2024-03-07","product":"Клавиатура","revenue":4500,"quantity":5}'),
    ('20000000-0000-0000-0000-000000000001', 5, '{"date":"2024-03-22","product":"Монитор","revenue":28000,"quantity":1}');

-- Расходы 2024
INSERT INTO data.dataset_rows (dataset_id, row_index, data) VALUES
    ('20000000-0000-0000-0000-000000000002', 0, '{"month":"Январь","category":"Аренда","amount":120000}'),
    ('20000000-0000-0000-0000-000000000002', 1, '{"month":"Январь","category":"Зарплата","amount":350000}'),
    ('20000000-0000-0000-0000-000000000002', 2, '{"month":"Февраль","category":"Аренда","amount":120000}'),
    ('20000000-0000-0000-0000-000000000002', 3, '{"month":"Февраль","category":"Маркетинг","amount":45000}'),
    ('20000000-0000-0000-0000-000000000002', 4, '{"month":"Март","category":"Зарплата","amount":360000}'),
    ('20000000-0000-0000-0000-000000000002', 5, '{"month":"Март","category":"Оборудование","amount":78000}');

-- Клиенты
INSERT INTO data.dataset_rows (dataset_id, row_index, data) VALUES
    ('20000000-0000-0000-0000-000000000003', 0, '{"name":"ООО Альфа","region":"Москва","is_active":true,"since":"2021-03-15"}'),
    ('20000000-0000-0000-0000-000000000003', 1, '{"name":"ИП Бетов","region":"СПб","is_active":true,"since":"2022-07-01"}'),
    ('20000000-0000-0000-0000-000000000003', 2, '{"name":"ЗАО Гамма","region":"Казань","is_active":false,"since":"2020-11-20"}');


-- CHARTS
INSERT INTO charts.charts (id, dataset_id, org_id, name, chart_type, config) VALUES
    ('30000000-0000-0000-0000-000000000001', '20000000-0000-0000-0000-000000000001', '10000000-0000-0000-0000-000000000001',
     'Выручка по месяцам', 'bar',
     '{"x_axis":"date","y_axis":"revenue","group_by":"product"}'),

    ('30000000-0000-0000-0000-000000000002', '20000000-0000-0000-0000-000000000001', '10000000-0000-0000-0000-000000000001',
     'Динамика продаж', 'line',
     '{"x_axis":"date","y_axis":"quantity"}'),

    ('30000000-0000-0000-0000-000000000003', '20000000-0000-0000-0000-000000000002', '10000000-0000-0000-0000-000000000001',
     'Расходы по категориям', 'pie',
     '{"value":"amount","label":"category"}');


-- DASHBOARDS
INSERT INTO dashboards.dashboards (id, org_id, name) VALUES
    ('40000000-0000-0000-0000-000000000001', '10000000-0000-0000-0000-000000000001', 'Главный дашборд'),
    ('40000000-0000-0000-0000-000000000002', '10000000-0000-0000-0000-000000000001', 'Финансы Q1');

-- DASHBOARD ITEMS
INSERT INTO dashboards.dashboard_items (id, dashboard_id, item_type, pos_x, pos_y, width, height) VALUES
    -- Главный дашборд: 2 графика + 1 метрика
    ('50000000-0000-0000-0000-000000000001', '40000000-0000-0000-0000-000000000001', 'chart',  0, 0, 6, 4),
    ('50000000-0000-0000-0000-000000000002', '40000000-0000-0000-0000-000000000001', 'chart',  6, 0, 6, 4),
    ('50000000-0000-0000-0000-000000000003', '40000000-0000-0000-0000-000000000001', 'metric', 0, 4, 3, 2),
    -- Финансы Q1: 1 график + 1 метрика
    ('50000000-0000-0000-0000-000000000004', '40000000-0000-0000-0000-000000000002', 'chart',  0, 0, 8, 5),
    ('50000000-0000-0000-0000-000000000005', '40000000-0000-0000-0000-000000000002', 'metric', 8, 0, 4, 2);

-- ITEM_CHARTS
INSERT INTO dashboards.item_charts (item_id, chart_id) VALUES
    ('50000000-0000-0000-0000-000000000001', '30000000-0000-0000-0000-000000000001'),
    ('50000000-0000-0000-0000-000000000002', '30000000-0000-0000-0000-000000000002'),
    ('50000000-0000-0000-0000-000000000004', '30000000-0000-0000-0000-000000000003');

-- ITEM_METRICS
INSERT INTO dashboards.item_metrics (item_id, dataset_id, name, expression, format) VALUES
    ('50000000-0000-0000-0000-000000000003',
     '20000000-0000-0000-0000-000000000001',
     'Общая выручка Q1', 'SUM(revenue)', 'currency'),

    ('50000000-0000-0000-0000-000000000005',
     '20000000-0000-0000-0000-000000000002',
     'Общие расходы Q1', 'SUM(amount)', 'currency');
